{
  "lang":"en",
  "name":"pipeline",
  "version":"0.0.0",
  "spacy_version":">=3.8.4,<3.9.0",
  "description":"",
  "author":"",
  "email":"",
  "url":"",
  "license":"",
  "spacy_git_version":"85cc763",
  "vectors":{
    "width":0,
    "vectors":0,
    "keys":0,
    "name":null,
    "mode":"default"
  },
  "labels":{
    "tok2vec":[

    ],
    "ner":[
      "B-DES",
      "B-EMAIL",
      "B-NAME",
      "B-ORG",
      "B-PHOE",
      "B-PHONE",
      "B-WEB",
      "DES",
      "EMAIL",
      "I-DE",
      "I-DES",
      "I-EMAIL",
      "I-NAME",
      "I-OR",
      "I-ORG",
      "I-PHONE",
      "I-WEB",
      "NAME",
      "ORG",
      "PHONE",
      "WEB"
    ]
  },
  "pipeline":[
    "tok2vec",
    "ner"
  ],
  "components":[
    "tok2vec",
    "ner"
  ],
  "disabled":[

  ],
  "performance":{
    "ents_f":0.626459144,
    "ents_p":0.6544715447,
    "ents_r":0.6007462687,
    "ents_per_type":{
      "B-EMAIL":{
        "p":0.8636363636,
        "r":0.7916666667,
        "f":0.8260869565
      },
      "B-NAME":{
        "p":0.6,
        "r":0.6,
        "f":0.6
      },
      "I-NAME":{
        "p":0.85,
        "r":0.53125,
        "f":0.6538461538
      },
      "B-DES":{
        "p":0.6666666667,
        "r":0.4210526316,
        "f":0.5161290323
      },
      "I-DES":{
        "p":0.3913043478,
        "r":0.9,
        "f":0.5454545455
      },
      "B-PHONE":{
        "p":0.7948717949,
        "r":0.7948717949,
        "f":0.7948717949
      },
      "I-PHONE":{
        "p":0.6888888889,
        "r":0.9117647059,
        "f":0.7848101266
      },
      "B-ORG":{
        "p":0.25,
        "r":0.125,
        "f":0.1666666667
      },
      "I-ORG":{
        "p":0.5833333333,
        "r":0.488372093,
        "f":0.5316455696
      },
      "B-WEB":{
        "p":0.7272727273,
        "r":0.6666666667,
        "f":0.6956521739
      },
      "B-PHOE":{
        "p":0.0,
        "r":0.0,
        "f":0.0
      },
      "I-EMAIL":{
        "p":0.4,
        "r":0.4,
        "f":0.4
      },
      "PHONE":{
        "p":0.0,
        "r":0.0,
        "f":0.0
      },
      "ORG":{
        "p":0.0,
        "r":0.0,
        "f":0.0
      }
    },
    "tok2vec_loss":319.7235563508,
    "ner_loss":372.0846947818
  }
}