{
  "lang":"en",
  "name":"pipeline",
  "version":"0.0.0",
  "spacy_version":">=3.8.4,<3.9.0",
  "description":"",
  "author":"",
  "email":"",
  "url":"",
  "license":"",
  "spacy_git_version":"85cc763",
  "vectors":{
    "width":0,
    "vectors":0,
    "keys":0,
    "name":null,
    "mode":"default"
  },
  "labels":{
    "tok2vec":[

    ],
    "ner":[
      "B-DES",
      "B-EMAIL",
      "B-NAME",
      "B-ORG",
      "B-PHOE",
      "B-PHONE",
      "B-WEB",
      "DES",
      "EMAIL",
      "I-DE",
      "I-DES",
      "I-EMAIL",
      "I-NAME",
      "I-OR",
      "I-ORG",
      "I-PHONE",
      "I-WEB",
      "NAME",
      "ORG",
      "PHONE",
      "WEB"
    ]
  },
  "pipeline":[
    "tok2vec",
    "ner"
  ],
  "components":[
    "tok2vec",
    "ner"
  ],
  "disabled":[

  ],
  "performance":{
    "ents_f":0.6502835539,
    "ents_p":0.6590038314,
    "ents_r":0.6417910448,
    "ents_per_type":{
      "B-ORG":{
        "p":0.4,
        "r":0.25,
        "f":0.3076923077
      },
      "B-NAME":{
        "p":0.6842105263,
        "r":0.65,
        "f":0.6666666667
      },
      "I-NAME":{
        "p":0.6666666667,
        "r":0.625,
        "f":0.6451612903
      },
      "B-DES":{
        "p":0.5652173913,
        "r":0.6842105263,
        "f":0.619047619
      },
      "I-DES":{
        "p":0.4705882353,
        "r":0.8,
        "f":0.5925925926
      },
      "B-PHONE":{
        "p":0.7804878049,
        "r":0.8205128205,
        "f":0.8
      },
      "I-PHONE":{
        "p":0.6511627907,
        "r":0.8235294118,
        "f":0.7272727273
      },
      "I-ORG":{
        "p":0.5945945946,
        "r":0.511627907,
        "f":0.55
      },
      "B-EMAIL":{
        "p":0.8636363636,
        "r":0.7916666667,
        "f":0.8260869565
      },
      "B-WEB":{
        "p":1.0,
        "r":0.75,
        "f":0.8571428571
      },
      "B-PHOE":{
        "p":0.0,
        "r":0.0,
        "f":0.0
      },
      "I-EMAIL":{
        "p":0.6666666667,
        "r":0.4,
        "f":0.5
      },
      "PHONE":{
        "p":0.0,
        "r":0.0,
        "f":0.0
      },
      "ORG":{
        "p":0.0,
        "r":0.0,
        "f":0.0
      }
    },
    "tok2vec_loss":320.3279887996,
    "ner_loss":410.8240118204
  }
}